"Scenario","Vehicle","Country","Year","Sales"
"Ambitious","Buses","Canada",2015,0
"Ambitious","Buses","Canada",2016,5
"Ambitious","Buses","Canada",2017,11
"Ambitious","Buses","Canada",2018,27
"Ambitious","Buses","Canada",2019,115
"Ambitious","Buses","Canada",2020,315
"Ambitious","Buses","Canada",2021,269
"Ambitious","Buses","Canada",2022,678
"Ambitious","Buses","Canada",2023,1193
"Ambitious","Buses","Canada",2024,740
"Ambitious","Buses","Canada",2025,1083
"Ambitious","Buses","Canada",2026,1264
"Ambitious","Buses","Canada",2027,1474
"Ambitious","Buses","Canada",2028,1717
"Ambitious","Buses","Canada",2029,2000
"Ambitious","Buses","Canada",2030,2327
"Ambitious","Buses","Canada",2031,2514
"Ambitious","Buses","Canada",2032,2990
"Ambitious","Buses","Canada",2033,3487
"Ambitious","Buses","Canada",2034,3823
"Ambitious","Buses","Canada",2035,3993
"Ambitious","Buses","Canada",2036,4143
"Ambitious","Buses","Canada",2037,4253
"Ambitious","Buses","Canada",2038,4432
"Ambitious","Buses","Canada",2039,4615
"Ambitious","Buses","Canada",2040,4801
"Ambitious","Buses","Canada",2041,4893
"Ambitious","Buses","Canada",2042,4986
"Ambitious","Buses","Canada",2043,5078
"Ambitious","Buses","Canada",2044,5170
"Ambitious","Buses","Canada",2045,5262
"Ambitious","Buses","Canada",2046,5355
"Ambitious","Buses","Canada",2047,5447
"Ambitious","Buses","Canada",2048,5539
"Ambitious","Buses","Canada",2049,5631
"Ambitious","Buses","Canada",2050,5724
"Ambitious","Buses","Mexico",2015,0
"Ambitious","Buses","Mexico",2016,0
"Ambitious","Buses","Mexico",2017,0
"Ambitious","Buses","Mexico",2018,10
"Ambitious","Buses","Mexico",2019,63
"Ambitious","Buses","Mexico",2020,15
"Ambitious","Buses","Mexico",2021,39
"Ambitious","Buses","Mexico",2022,2
"Ambitious","Buses","Mexico",2023,87
"Ambitious","Buses","Mexico",2024,658
"Ambitious","Buses","Mexico",2025,1088
"Ambitious","Buses","Mexico",2026,1174
"Ambitious","Buses","Mexico",2027,1450
"Ambitious","Buses","Mexico",2028,2382
"Ambitious","Buses","Mexico",2029,4222
"Ambitious","Buses","Mexico",2030,7870
"Ambitious","Buses","Mexico",2031,8382
"Ambitious","Buses","Mexico",2032,8909
"Ambitious","Buses","Mexico",2033,9452
"Ambitious","Buses","Mexico",2034,10010
"Ambitious","Buses","Mexico",2035,10585
"Ambitious","Buses","Mexico",2036,11062
"Ambitious","Buses","Mexico",2037,11550
"Ambitious","Buses","Mexico",2038,12047
"Ambitious","Buses","Mexico",2039,12556
"Ambitious","Buses","Mexico",2040,13075
"Ambitious","Buses","Mexico",2041,13352
"Ambitious","Buses","Mexico",2042,13630
"Ambitious","Buses","Mexico",2043,13907
"Ambitious","Buses","Mexico",2044,14185
"Ambitious","Buses","Mexico",2045,14462
"Ambitious","Buses","Mexico",2046,14740
"Ambitious","Buses","Mexico",2047,15017
"Ambitious","Buses","Mexico",2048,15295
"Ambitious","Buses","Mexico",2049,15571
"Ambitious","Buses","Mexico",2050,15849
"Ambitious","Buses","United States",2015,44
"Ambitious","Buses","United States",2016,331
"Ambitious","Buses","United States",2017,150
"Ambitious","Buses","United States",2018,466
"Ambitious","Buses","United States",2019,554
"Ambitious","Buses","United States",2020,658
"Ambitious","Buses","United States",2021,501
"Ambitious","Buses","United States",2022,793
"Ambitious","Buses","United States",2023,3522
"Ambitious","Buses","United States",2024,2239
"Ambitious","Buses","United States",2025,27709
"Ambitious","Buses","United States",2026,31868
"Ambitious","Buses","United States",2027,46319
"Ambitious","Buses","United States",2028,66446
"Ambitious","Buses","United States",2029,85913
"Ambitious","Buses","United States",2030,104509
"Ambitious","Buses","United States",2031,107685
"Ambitious","Buses","United States",2032,111919
"Ambitious","Buses","United States",2033,116530
"Ambitious","Buses","United States",2034,120972
"Ambitious","Buses","United States",2035,126211
"Ambitious","Buses","United States",2036,129863
"Ambitious","Buses","United States",2037,132932
"Ambitious","Buses","United States",2038,136227
"Ambitious","Buses","United States",2039,139613
"Ambitious","Buses","United States",2040,143437
"Ambitious","Buses","United States",2041,145022
"Ambitious","Buses","United States",2042,146583
"Ambitious","Buses","United States",2043,148189
"Ambitious","Buses","United States",2044,149322
"Ambitious","Buses","United States",2045,150364
"Ambitious","Buses","United States",2046,151265
"Ambitious","Buses","United States",2047,152738
"Ambitious","Buses","United States",2048,153978
"Ambitious","Buses","United States",2049,155397
"Ambitious","Buses","United States",2050,157368
"Ambitious","Cars","Canada",2015,4553
"Ambitious","Cars","Canada",2016,5178
"Ambitious","Cars","Canada",2017,9666
"Ambitious","Cars","Canada",2018,21307
"Ambitious","Cars","Canada",2019,32402
"Ambitious","Cars","Canada",2020,34806
"Ambitious","Cars","Canada",2021,58726
"Ambitious","Cars","Canada",2022,98486
"Ambitious","Cars","Canada",2023,136693
"Ambitious","Cars","Canada",2024,177214
"Ambitious","Cars","Canada",2025,214543
"Ambitious","Cars","Canada",2026,328243
"Ambitious","Cars","Canada",2027,468772
"Ambitious","Cars","Canada",2028,669225
"Ambitious","Cars","Canada",2029,954469
"Ambitious","Cars","Canada",2030,1358421
"Ambitious","Cars","Canada",2031,1451058
"Ambitious","Cars","Canada",2032,1541739
"Ambitious","Cars","Canada",2033,1645233
"Ambitious","Cars","Canada",2034,1732922
"Ambitious","Cars","Canada",2035,1820054
"Ambitious","Cars","Canada",2036,1817662
"Ambitious","Cars","Canada",2037,1818068
"Ambitious","Cars","Canada",2038,1820056
"Ambitious","Cars","Canada",2039,1820539
"Ambitious","Cars","Canada",2040,1819733
"Ambitious","Cars","Canada",2041,1823206
"Ambitious","Cars","Canada",2042,1829009
"Ambitious","Cars","Canada",2043,1828302
"Ambitious","Cars","Canada",2044,1831465
"Ambitious","Cars","Canada",2045,1841176
"Ambitious","Cars","Canada",2046,1844977
"Ambitious","Cars","Canada",2047,1847991
"Ambitious","Cars","Canada",2048,1850427
"Ambitious","Cars","Canada",2049,1849032
"Ambitious","Cars","Canada",2050,1846613
"Ambitious","Cars","Mexico",2015,212
"Ambitious","Cars","Mexico",2016,133
"Ambitious","Cars","Mexico",2017,324
"Ambitious","Cars","Mexico",2018,236
"Ambitious","Cars","Mexico",2019,897
"Ambitious","Cars","Mexico",2020,1840
"Ambitious","Cars","Mexico",2021,3015
"Ambitious","Cars","Mexico",2022,6911
"Ambitious","Cars","Mexico",2023,14417
"Ambitious","Cars","Mexico",2024,19488
"Ambitious","Cars","Mexico",2025,21130
"Ambitious","Cars","Mexico",2026,35915
"Ambitious","Cars","Mexico",2027,62946
"Ambitious","Cars","Mexico",2028,109538
"Ambitious","Cars","Mexico",2029,186509
"Ambitious","Cars","Mexico",2030,317993
"Ambitious","Cars","Mexico",2031,412151
"Ambitious","Cars","Mexico",2032,514567
"Ambitious","Cars","Mexico",2033,624689
"Ambitious","Cars","Mexico",2034,742688
"Ambitious","Cars","Mexico",2035,869491
"Ambitious","Cars","Mexico",2036,1004106
"Ambitious","Cars","Mexico",2037,1146639
"Ambitious","Cars","Mexico",2038,1298537
"Ambitious","Cars","Mexico",2039,1457048
"Ambitious","Cars","Mexico",2040,1623858
"Ambitious","Cars","Mexico",2041,1684649
"Ambitious","Cars","Mexico",2042,1746043
"Ambitious","Cars","Mexico",2043,1808879
"Ambitious","Cars","Mexico",2044,1872288
"Ambitious","Cars","Mexico",2045,1941016
"Ambitious","Cars","Mexico",2046,2000175
"Ambitious","Cars","Mexico",2047,2059333
"Ambitious","Cars","Mexico",2048,2118491
"Ambitious","Cars","Mexico",2049,2177651
"Ambitious","Cars","Mexico",2050,2236809
"Ambitious","Cars","United States",2015,71701
"Ambitious","Cars","United States",2016,84260
"Ambitious","Cars","United States",2017,106700
"Ambitious","Cars","United States",2018,236407
"Ambitious","Cars","United States",2019,233890
"Ambitious","Cars","United States",2020,256143
"Ambitious","Cars","United States",2021,482739
"Ambitious","Cars","United States",2022,749466
"Ambitious","Cars","United States",2023,1100815
"Ambitious","Cars","United States",2024,1137551
"Ambitious","Cars","United States",2025,3448282
"Ambitious","Cars","United States",2026,4256322
"Ambitious","Cars","United States",2027,5101519
"Ambitious","Cars","United States",2028,6290761
"Ambitious","Cars","United States",2029,7700285
"Ambitious","Cars","United States",2030,8972018
"Ambitious","Cars","United States",2031,9804878
"Ambitious","Cars","United States",2032,10704253
"Ambitious","Cars","United States",2033,11835259
"Ambitious","Cars","United States",2034,12960797
"Ambitious","Cars","United States",2035,14857329
"Ambitious","Cars","United States",2036,14984472
"Ambitious","Cars","United States",2037,15092254
"Ambitious","Cars","United States",2038,15222397
"Ambitious","Cars","United States",2039,15334426
"Ambitious","Cars","United States",2040,15471111
"Ambitious","Cars","United States",2041,15524962
"Ambitious","Cars","United States",2042,15584891
"Ambitious","Cars","United States",2043,15628845
"Ambitious","Cars","United States",2044,15680038
"Ambitious","Cars","United States",2045,15811025
"Ambitious","Cars","United States",2046,15928285
"Ambitious","Cars","United States",2047,15996275
"Ambitious","Cars","United States",2048,16037727
"Ambitious","Cars","United States",2049,16131882
"Ambitious","Cars","United States",2050,16275731
"Ambitious","Heavy trucks","Canada",2015,0
"Ambitious","Heavy trucks","Canada",2016,0
"Ambitious","Heavy trucks","Canada",2017,1
"Ambitious","Heavy trucks","Canada",2018,7
"Ambitious","Heavy trucks","Canada",2019,0
"Ambitious","Heavy trucks","Canada",2020,0
"Ambitious","Heavy trucks","Canada",2021,14
"Ambitious","Heavy trucks","Canada",2022,129
"Ambitious","Heavy trucks","Canada",2023,80
"Ambitious","Heavy trucks","Canada",2024,107
"Ambitious","Heavy trucks","Canada",2025,344
"Ambitious","Heavy trucks","Canada",2026,737
"Ambitious","Heavy trucks","Canada",2027,1576
"Ambitious","Heavy trucks","Canada",2028,3375
"Ambitious","Heavy trucks","Canada",2029,7220
"Ambitious","Heavy trucks","Canada",2030,15450
"Ambitious","Heavy trucks","Canada",2031,17193
"Ambitious","Heavy trucks","Canada",2032,18971
"Ambitious","Heavy trucks","Canada",2033,20786
"Ambitious","Heavy trucks","Canada",2034,22636
"Ambitious","Heavy trucks","Canada",2035,24522
"Ambitious","Heavy trucks","Canada",2036,28097
"Ambitious","Heavy trucks","Canada",2037,31744
"Ambitious","Heavy trucks","Canada",2038,35463
"Ambitious","Heavy trucks","Canada",2039,39253
"Ambitious","Heavy trucks","Canada",2040,43115
"Ambitious","Heavy trucks","Canada",2041,43564
"Ambitious","Heavy trucks","Canada",2042,44013
"Ambitious","Heavy trucks","Canada",2043,44462
"Ambitious","Heavy trucks","Canada",2044,44911
"Ambitious","Heavy trucks","Canada",2045,45360
"Ambitious","Heavy trucks","Canada",2046,45808
"Ambitious","Heavy trucks","Canada",2047,46257
"Ambitious","Heavy trucks","Canada",2048,46706
"Ambitious","Heavy trucks","Canada",2049,47155
"Ambitious","Heavy trucks","Canada",2050,47604
"Ambitious","Heavy trucks","Mexico",2015,0
"Ambitious","Heavy trucks","Mexico",2016,0
"Ambitious","Heavy trucks","Mexico",2017,0
"Ambitious","Heavy trucks","Mexico",2018,0
"Ambitious","Heavy trucks","Mexico",2019,0
"Ambitious","Heavy trucks","Mexico",2020,0
"Ambitious","Heavy trucks","Mexico",2021,20
"Ambitious","Heavy trucks","Mexico",2022,88
"Ambitious","Heavy trucks","Mexico",2023,47
"Ambitious","Heavy trucks","Mexico",2024,22
"Ambitious","Heavy trucks","Mexico",2025,371
"Ambitious","Heavy trucks","Mexico",2026,541
"Ambitious","Heavy trucks","Mexico",2027,917
"Ambitious","Heavy trucks","Mexico",2028,1564
"Ambitious","Heavy trucks","Mexico",2029,2681
"Ambitious","Heavy trucks","Mexico",2030,4607
"Ambitious","Heavy trucks","Mexico",2031,5383
"Ambitious","Heavy trucks","Mexico",2032,6112
"Ambitious","Heavy trucks","Mexico",2033,6794
"Ambitious","Heavy trucks","Mexico",2034,7430
"Ambitious","Heavy trucks","Mexico",2035,8018
"Ambitious","Heavy trucks","Mexico",2036,8559
"Ambitious","Heavy trucks","Mexico",2037,9054
"Ambitious","Heavy trucks","Mexico",2038,9502
"Ambitious","Heavy trucks","Mexico",2039,9903
"Ambitious","Heavy trucks","Mexico",2040,10257
"Ambitious","Heavy trucks","Mexico",2041,10126
"Ambitious","Heavy trucks","Mexico",2042,9978
"Ambitious","Heavy trucks","Mexico",2043,9814
"Ambitious","Heavy trucks","Mexico",2044,9636
"Ambitious","Heavy trucks","Mexico",2045,9441
"Ambitious","Heavy trucks","Mexico",2046,9051
"Ambitious","Heavy trucks","Mexico",2047,8659
"Ambitious","Heavy trucks","Mexico",2048,8268
"Ambitious","Heavy trucks","Mexico",2049,7878
"Ambitious","Heavy trucks","Mexico",2050,7486
"Ambitious","Heavy trucks","United States",2015,25
"Ambitious","Heavy trucks","United States",2016,125
"Ambitious","Heavy trucks","United States",2017,11
"Ambitious","Heavy trucks","United States",2018,12
"Ambitious","Heavy trucks","United States",2019,95
"Ambitious","Heavy trucks","United States",2020,142
"Ambitious","Heavy trucks","United States",2021,75
"Ambitious","Heavy trucks","United States",2022,599
"Ambitious","Heavy trucks","United States",2023,1151
"Ambitious","Heavy trucks","United States",2024,1044
"Ambitious","Heavy trucks","United States",2025,20351
"Ambitious","Heavy trucks","United States",2026,30592
"Ambitious","Heavy trucks","United States",2027,37293
"Ambitious","Heavy trucks","United States",2028,45647
"Ambitious","Heavy trucks","United States",2029,53219
"Ambitious","Heavy trucks","United States",2030,62525
"Ambitious","Heavy trucks","United States",2031,72505
"Ambitious","Heavy trucks","United States",2032,83570
"Ambitious","Heavy trucks","United States",2033,95102
"Ambitious","Heavy trucks","United States",2034,106710
"Ambitious","Heavy trucks","United States",2035,118292
"Ambitious","Heavy trucks","United States",2036,128780
"Ambitious","Heavy trucks","United States",2037,138004
"Ambitious","Heavy trucks","United States",2038,147793
"Ambitious","Heavy trucks","United States",2039,157352
"Ambitious","Heavy trucks","United States",2040,178943
"Ambitious","Heavy trucks","United States",2041,179227
"Ambitious","Heavy trucks","United States",2042,178502
"Ambitious","Heavy trucks","United States",2043,178246
"Ambitious","Heavy trucks","United States",2044,177141
"Ambitious","Heavy trucks","United States",2045,174637
"Ambitious","Heavy trucks","United States",2046,171832
"Ambitious","Heavy trucks","United States",2047,170749
"Ambitious","Heavy trucks","United States",2048,170767
"Ambitious","Heavy trucks","United States",2049,169940
"Ambitious","Heavy trucks","United States",2050,169926
"Ambitious","Medium trucks","Canada",2015,0
"Ambitious","Medium trucks","Canada",2016,0
"Ambitious","Medium trucks","Canada",2017,0
"Ambitious","Medium trucks","Canada",2018,0
"Ambitious","Medium trucks","Canada",2019,0
"Ambitious","Medium trucks","Canada",2020,0
"Ambitious","Medium trucks","Canada",2021,16
"Ambitious","Medium trucks","Canada",2022,256
"Ambitious","Medium trucks","Canada",2023,106
"Ambitious","Medium trucks","Canada",2024,185
"Ambitious","Medium trucks","Canada",2025,4779
"Ambitious","Medium trucks","Canada",2026,7625
"Ambitious","Medium trucks","Canada",2027,12141
"Ambitious","Medium trucks","Canada",2028,19354
"Ambitious","Medium trucks","Canada",2029,30843
"Ambitious","Medium trucks","Canada",2030,49149
"Ambitious","Medium trucks","Canada",2031,55416
"Ambitious","Medium trucks","Canada",2032,61753
"Ambitious","Medium trucks","Canada",2033,68135
"Ambitious","Medium trucks","Canada",2034,74588
"Ambitious","Medium trucks","Canada",2035,81087
"Ambitious","Medium trucks","Canada",2036,87655
"Ambitious","Medium trucks","Canada",2037,94270
"Ambitious","Medium trucks","Canada",2038,100954
"Ambitious","Medium trucks","Canada",2039,107685
"Ambitious","Medium trucks","Canada",2040,114485
"Ambitious","Medium trucks","Canada",2041,115012
"Ambitious","Medium trucks","Canada",2042,115538
"Ambitious","Medium trucks","Canada",2043,116065
"Ambitious","Medium trucks","Canada",2044,116591
"Ambitious","Medium trucks","Canada",2045,117118
"Ambitious","Medium trucks","Canada",2046,117645
"Ambitious","Medium trucks","Canada",2047,118171
"Ambitious","Medium trucks","Canada",2048,118698
"Ambitious","Medium trucks","Canada",2049,119224
"Ambitious","Medium trucks","Canada",2050,119751
"Ambitious","Medium trucks","Mexico",2015,0
"Ambitious","Medium trucks","Mexico",2016,0
"Ambitious","Medium trucks","Mexico",2017,0
"Ambitious","Medium trucks","Mexico",2018,0
"Ambitious","Medium trucks","Mexico",2019,0
"Ambitious","Medium trucks","Mexico",2020,0
"Ambitious","Medium trucks","Mexico",2021,0
"Ambitious","Medium trucks","Mexico",2022,0
"Ambitious","Medium trucks","Mexico",2023,0
"Ambitious","Medium trucks","Mexico",2024,30
"Ambitious","Medium trucks","Mexico",2025,516
"Ambitious","Medium trucks","Mexico",2026,663
"Ambitious","Medium trucks","Mexico",2027,1268
"Ambitious","Medium trucks","Mexico",2028,2428
"Ambitious","Medium trucks","Mexico",2029,4635
"Ambitious","Medium trucks","Mexico",2030,8830
"Ambitious","Medium trucks","Mexico",2031,10836
"Ambitious","Medium trucks","Mexico",2032,12978
"Ambitious","Medium trucks","Mexico",2033,15258
"Ambitious","Medium trucks","Mexico",2034,17674
"Ambitious","Medium trucks","Mexico",2035,20227
"Ambitious","Medium trucks","Mexico",2036,22359
"Ambitious","Medium trucks","Mexico",2037,24588
"Ambitious","Medium trucks","Mexico",2038,26916
"Ambitious","Medium trucks","Mexico",2039,29341
"Ambitious","Medium trucks","Mexico",2040,31864
"Ambitious","Medium trucks","Mexico",2041,32843
"Ambitious","Medium trucks","Mexico",2042,33822
"Ambitious","Medium trucks","Mexico",2043,34801
"Ambitious","Medium trucks","Mexico",2044,35780
"Ambitious","Medium trucks","Mexico",2045,36759
"Ambitious","Medium trucks","Mexico",2046,37738
"Ambitious","Medium trucks","Mexico",2047,38718
"Ambitious","Medium trucks","Mexico",2048,39697
"Ambitious","Medium trucks","Mexico",2049,40676
"Ambitious","Medium trucks","Mexico",2050,41655
"Ambitious","Medium trucks","United States",2015,5
"Ambitious","Medium trucks","United States",2016,5
"Ambitious","Medium trucks","United States",2017,12
"Ambitious","Medium trucks","United States",2018,78
"Ambitious","Medium trucks","United States",2019,85
"Ambitious","Medium trucks","United States",2020,98
"Ambitious","Medium trucks","United States",2021,140
"Ambitious","Medium trucks","United States",2022,365
"Ambitious","Medium trucks","United States",2023,703
"Ambitious","Medium trucks","United States",2024,763
"Ambitious","Medium trucks","United States",2025,139417
"Ambitious","Medium trucks","United States",2026,151298
"Ambitious","Medium trucks","United States",2027,182535
"Ambitious","Medium trucks","United States",2028,226022
"Ambitious","Medium trucks","United States",2029,259666
"Ambitious","Medium trucks","United States",2030,306909
"Ambitious","Medium trucks","United States",2031,369950
"Ambitious","Medium trucks","United States",2032,416812
"Ambitious","Medium trucks","United States",2033,481549
"Ambitious","Medium trucks","United States",2034,542203
"Ambitious","Medium trucks","United States",2035,605574
"Ambitious","Medium trucks","United States",2036,643830
"Ambitious","Medium trucks","United States",2037,683110
"Ambitious","Medium trucks","United States",2038,722666
"Ambitious","Medium trucks","United States",2039,764000
"Ambitious","Medium trucks","United States",2040,807250
"Ambitious","Medium trucks","United States",2041,816937
"Ambitious","Medium trucks","United States",2042,824816
"Ambitious","Medium trucks","United States",2043,833181
"Ambitious","Medium trucks","United States",2044,841572
"Ambitious","Medium trucks","United States",2045,849258
"Ambitious","Medium trucks","United States",2046,856721
"Ambitious","Medium trucks","United States",2047,863719
"Ambitious","Medium trucks","United States",2048,874093
"Ambitious","Medium trucks","United States",2049,883169
"Ambitious","Medium trucks","United States",2050,896089
"Ambitious","Vans","Canada",2015,0
"Ambitious","Vans","Canada",2016,0
"Ambitious","Vans","Canada",2017,0
"Ambitious","Vans","Canada",2018,0
"Ambitious","Vans","Canada",2019,0
"Ambitious","Vans","Canada",2020,0
"Ambitious","Vans","Canada",2021,0
"Ambitious","Vans","Canada",2022,83
"Ambitious","Vans","Canada",2023,2280
"Ambitious","Vans","Canada",2024,2900
"Ambitious","Vans","Canada",2025,10709
"Ambitious","Vans","Canada",2026,12835
"Ambitious","Vans","Canada",2027,14827
"Ambitious","Vans","Canada",2028,22007
"Ambitious","Vans","Canada",2029,27915
"Ambitious","Vans","Canada",2030,48734
"Ambitious","Vans","Canada",2031,52028
"Ambitious","Vans","Canada",2032,55246
"Ambitious","Vans","Canada",2033,60922
"Ambitious","Vans","Canada",2034,63088
"Ambitious","Vans","Canada",2035,65053
"Ambitious","Vans","Canada",2036,64969
"Ambitious","Vans","Canada",2037,64983
"Ambitious","Vans","Canada",2038,65053
"Ambitious","Vans","Canada",2039,65069
"Ambitious","Vans","Canada",2040,65042
"Ambitious","Vans","Canada",2041,65165
"Ambitious","Vans","Canada",2042,65372
"Ambitious","Vans","Canada",2043,65348
"Ambitious","Vans","Canada",2044,65461
"Ambitious","Vans","Canada",2045,65807
"Ambitious","Vans","Canada",2046,65943
"Ambitious","Vans","Canada",2047,66051
"Ambitious","Vans","Canada",2048,66141
"Ambitious","Vans","Canada",2049,66088
"Ambitious","Vans","Canada",2050,66002
"Ambitious","Vans","Mexico",2015,0
"Ambitious","Vans","Mexico",2016,0
"Ambitious","Vans","Mexico",2017,0
"Ambitious","Vans","Mexico",2018,0
"Ambitious","Vans","Mexico",2019,0
"Ambitious","Vans","Mexico",2020,57
"Ambitious","Vans","Mexico",2021,494
"Ambitious","Vans","Mexico",2022,684
"Ambitious","Vans","Mexico",2023,1578
"Ambitious","Vans","Mexico",2024,2748
"Ambitious","Vans","Mexico",2025,47823
"Ambitious","Vans","Mexico",2026,71181
"Ambitious","Vans","Mexico",2027,99380
"Ambitious","Vans","Mexico",2028,197343
"Ambitious","Vans","Mexico",2029,275269
"Ambitious","Vans","Mexico",2030,355161
"Ambitious","Vans","Mexico",2031,387760
"Ambitious","Vans","Mexico",2032,418916
"Ambitious","Vans","Mexico",2033,449582
"Ambitious","Vans","Mexico",2034,478638
"Ambitious","Vans","Mexico",2035,507611
"Ambitious","Vans","Mexico",2036,535377
"Ambitious","Vans","Mexico",2037,563462
"Ambitious","Vans","Mexico",2038,591363
"Ambitious","Vans","Mexico",2039,616137
"Ambitious","Vans","Mexico",2040,641200
"Ambitious","Vans","Mexico",2041,636153
"Ambitious","Vans","Mexico",2042,629048
"Ambitious","Vans","Mexico",2043,623738
"Ambitious","Vans","Mexico",2044,620946
"Ambitious","Vans","Mexico",2045,618651
"Ambitious","Vans","Mexico",2046,610339
"Ambitious","Vans","Mexico",2047,602028
"Ambitious","Vans","Mexico",2048,593716
"Ambitious","Vans","Mexico",2049,585405
"Ambitious","Vans","Mexico",2050,577093
"Ambitious","Vans","United States",2015,0
"Ambitious","Vans","United States",2016,0
"Ambitious","Vans","United States",2017,0
"Ambitious","Vans","United States",2018,0
"Ambitious","Vans","United States",2019,0
"Ambitious","Vans","United States",2020,0
"Ambitious","Vans","United States",2021,15
"Ambitious","Vans","United States",2022,8959
"Ambitious","Vans","United States",2023,16669
"Ambitious","Vans","United States",2024,25336
"Ambitious","Vans","United States",2025,228019
"Ambitious","Vans","United States",2026,277806
"Ambitious","Vans","United States",2027,329193
"Ambitious","Vans","United States",2028,409680
"Ambitious","Vans","United States",2029,475647
"Ambitious","Vans","United States",2030,553872
"Ambitious","Vans","United States",2031,585403
"Ambitious","Vans","United States",2032,601922
"Ambitious","Vans","United States",2033,639408
"Ambitious","Vans","United States",2034,723250
"Ambitious","Vans","United States",2035,807878
"Ambitious","Vans","United States",2036,814738
"Ambitious","Vans","United States",2037,822375
"Ambitious","Vans","United States",2038,831280
"Ambitious","Vans","United States",2039,838904
"Ambitious","Vans","United States",2040,848649
"Ambitious","Vans","United States",2041,854032
"Ambitious","Vans","United States",2042,859653
"Ambitious","Vans","United States",2043,865773
"Ambitious","Vans","United States",2044,870324
"Ambitious","Vans","United States",2045,880249
"Ambitious","Vans","United States",2046,884504
"Ambitious","Vans","United States",2047,891224
"Ambitious","Vans","United States",2048,898246
"Ambitious","Vans","United States",2049,901725
"Ambitious","Vans","United States",2050,910729
"Momentum","Buses","Canada",2015,0
"Momentum","Buses","Canada",2016,5
"Momentum","Buses","Canada",2017,11
"Momentum","Buses","Canada",2018,27
"Momentum","Buses","Canada",2019,115
"Momentum","Buses","Canada",2020,315
"Momentum","Buses","Canada",2021,269
"Momentum","Buses","Canada",2022,678
"Momentum","Buses","Canada",2023,1193
"Momentum","Buses","Canada",2024,740
"Momentum","Buses","Canada",2025,965
"Momentum","Buses","Canada",2026,1062
"Momentum","Buses","Canada",2027,1169
"Momentum","Buses","Canada",2028,1285
"Momentum","Buses","Canada",2029,1413
"Momentum","Buses","Canada",2030,1551
"Momentum","Buses","Canada",2031,1827
"Momentum","Buses","Canada",2032,2113
"Momentum","Buses","Canada",2033,2410
"Momentum","Buses","Canada",2034,2719
"Momentum","Buses","Canada",2035,3038
"Momentum","Buses","Canada",2036,3368
"Momentum","Buses","Canada",2037,3710
"Momentum","Buses","Canada",2038,4063
"Momentum","Buses","Canada",2039,4426
"Momentum","Buses","Canada",2040,4801
"Momentum","Buses","Canada",2041,4893
"Momentum","Buses","Canada",2042,4986
"Momentum","Buses","Canada",2043,5078
"Momentum","Buses","Canada",2044,5170
"Momentum","Buses","Canada",2045,5262
"Momentum","Buses","Canada",2046,5355
"Momentum","Buses","Canada",2047,5447
"Momentum","Buses","Canada",2048,5539
"Momentum","Buses","Canada",2049,5631
"Momentum","Buses","Canada",2050,5724
"Momentum","Buses","Mexico",2015,0
"Momentum","Buses","Mexico",2016,0
"Momentum","Buses","Mexico",2017,0
"Momentum","Buses","Mexico",2018,10
"Momentum","Buses","Mexico",2019,63
"Momentum","Buses","Mexico",2020,15
"Momentum","Buses","Mexico",2021,39
"Momentum","Buses","Mexico",2022,2
"Momentum","Buses","Mexico",2023,87
"Momentum","Buses","Mexico",2024,658
"Momentum","Buses","Mexico",2025,1088
"Momentum","Buses","Mexico",2026,1174
"Momentum","Buses","Mexico",2027,1263
"Momentum","Buses","Mexico",2028,1356
"Momentum","Buses","Mexico",2029,1452
"Momentum","Buses","Mexico",2030,1549
"Momentum","Buses","Mexico",2031,1851
"Momentum","Buses","Mexico",2032,2165
"Momentum","Buses","Mexico",2033,2495
"Momentum","Buses","Mexico",2034,2837
"Momentum","Buses","Mexico",2035,3193
"Momentum","Buses","Mexico",2036,3811
"Momentum","Buses","Mexico",2037,4453
"Momentum","Buses","Mexico",2038,5122
"Momentum","Buses","Mexico",2039,5815
"Momentum","Buses","Mexico",2040,6903
"Momentum","Buses","Mexico",2041,7428
"Momentum","Buses","Mexico",2042,8046
"Momentum","Buses","Mexico",2043,8840
"Momentum","Buses","Mexico",2044,9659
"Momentum","Buses","Mexico",2045,10503
"Momentum","Buses","Mexico",2046,11373
"Momentum","Buses","Mexico",2047,12266
"Momentum","Buses","Mexico",2048,13187
"Momentum","Buses","Mexico",2049,14130
"Momentum","Buses","Mexico",2050,15849
"Momentum","Buses","United States",2015,44
"Momentum","Buses","United States",2016,331
"Momentum","Buses","United States",2017,150
"Momentum","Buses","United States",2018,466
"Momentum","Buses","United States",2019,554
"Momentum","Buses","United States",2020,658
"Momentum","Buses","United States",2021,501
"Momentum","Buses","United States",2022,793
"Momentum","Buses","United States",2023,3522
"Momentum","Buses","United States",2024,2239
"Momentum","Buses","United States",2025,10888
"Momentum","Buses","United States",2026,15270
"Momentum","Buses","United States",2027,20762
"Momentum","Buses","United States",2028,26287
"Momentum","Buses","United States",2029,31527
"Momentum","Buses","United States",2030,39069
"Momentum","Buses","United States",2031,76821
"Momentum","Buses","United States",2032,84092
"Momentum","Buses","United States",2033,91713
"Momentum","Buses","United States",2034,99261
"Momentum","Buses","United States",2035,107548
"Momentum","Buses","United States",2036,116075
"Momentum","Buses","United States",2037,124227
"Momentum","Buses","United States",2038,136227
"Momentum","Buses","United States",2039,139613
"Momentum","Buses","United States",2040,143437
"Momentum","Buses","United States",2041,145022
"Momentum","Buses","United States",2042,146583
"Momentum","Buses","United States",2043,148189
"Momentum","Buses","United States",2044,149322
"Momentum","Buses","United States",2045,150364
"Momentum","Buses","United States",2046,151265
"Momentum","Buses","United States",2047,152738
"Momentum","Buses","United States",2048,153978
"Momentum","Buses","United States",2049,155397
"Momentum","Buses","United States",2050,157368
"Momentum","Cars","Canada",2015,4553
"Momentum","Cars","Canada",2016,5178
"Momentum","Cars","Canada",2017,9666
"Momentum","Cars","Canada",2018,21307
"Momentum","Cars","Canada",2019,32402
"Momentum","Cars","Canada",2020,34806
"Momentum","Cars","Canada",2021,58726
"Momentum","Cars","Canada",2022,98486
"Momentum","Cars","Canada",2023,136693
"Momentum","Cars","Canada",2024,177214
"Momentum","Cars","Canada",2025,214543
"Momentum","Cars","Canada",2026,284033
"Momentum","Cars","Canada",2027,342244
"Momentum","Cars","Canada",2028,528719
"Momentum","Cars","Canada",2029,698374
"Momentum","Cars","Canada",2030,1009635
"Momentum","Cars","Canada",2031,1261606
"Momentum","Cars","Canada",2032,1434278
"Momentum","Cars","Canada",2033,1645233
"Momentum","Cars","Canada",2034,1732922
"Momentum","Cars","Canada",2035,1820054
"Momentum","Cars","Canada",2036,1817662
"Momentum","Cars","Canada",2037,1818068
"Momentum","Cars","Canada",2038,1820056
"Momentum","Cars","Canada",2039,1820539
"Momentum","Cars","Canada",2040,1819733
"Momentum","Cars","Canada",2041,1823206
"Momentum","Cars","Canada",2042,1829009
"Momentum","Cars","Canada",2043,1828302
"Momentum","Cars","Canada",2044,1831465
"Momentum","Cars","Canada",2045,1841176
"Momentum","Cars","Canada",2046,1844977
"Momentum","Cars","Canada",2047,1847991
"Momentum","Cars","Canada",2048,1850427
"Momentum","Cars","Canada",2049,1849032
"Momentum","Cars","Canada",2050,1846613
"Momentum","Cars","Mexico",2015,212
"Momentum","Cars","Mexico",2016,133
"Momentum","Cars","Mexico",2017,324
"Momentum","Cars","Mexico",2018,236
"Momentum","Cars","Mexico",2019,897
"Momentum","Cars","Mexico",2020,1840
"Momentum","Cars","Mexico",2021,3015
"Momentum","Cars","Mexico",2022,6911
"Momentum","Cars","Mexico",2023,14417
"Momentum","Cars","Mexico",2024,19488
"Momentum","Cars","Mexico",2025,21130
"Momentum","Cars","Mexico",2026,35915
"Momentum","Cars","Mexico",2027,61988
"Momentum","Cars","Mexico",2028,107012
"Momentum","Cars","Mexico",2029,184108
"Momentum","Cars","Mexico",2030,316155
"Momentum","Cars","Mexico",2031,409264
"Momentum","Cars","Mexico",2032,511749
"Momentum","Cars","Mexico",2033,621026
"Momentum","Cars","Mexico",2034,739237
"Momentum","Cars","Mexico",2035,865185
"Momentum","Cars","Mexico",2036,999468
"Momentum","Cars","Mexico",2037,1141158
"Momentum","Cars","Mexico",2038,1290276
"Momentum","Cars","Mexico",2039,1448273
"Momentum","Cars","Mexico",2040,1613369
"Momentum","Cars","Mexico",2041,1674592
"Momentum","Cars","Mexico",2042,1735808
"Momentum","Cars","Mexico",2043,1797470
"Momentum","Cars","Mexico",2044,1857343
"Momentum","Cars","Mexico",2045,1917477
"Momentum","Cars","Mexico",2046,1976526
"Momentum","Cars","Mexico",2047,2035619
"Momentum","Cars","Mexico",2048,2094740
"Momentum","Cars","Mexico",2049,2153902
"Momentum","Cars","Mexico",2050,2213095
"Momentum","Cars","United States",2015,71701
"Momentum","Cars","United States",2016,84260
"Momentum","Cars","United States",2017,106700
"Momentum","Cars","United States",2018,236407
"Momentum","Cars","United States",2019,233890
"Momentum","Cars","United States",2020,256143
"Momentum","Cars","United States",2021,482739
"Momentum","Cars","United States",2022,749466
"Momentum","Cars","United States",2023,1100815
"Momentum","Cars","United States",2024,1137551
"Momentum","Cars","United States",2025,2207263
"Momentum","Cars","United States",2026,3038275
"Momentum","Cars","United States",2027,4132397
"Momentum","Cars","United States",2028,4729704
"Momentum","Cars","United States",2029,6062054
"Momentum","Cars","United States",2030,6769074
"Momentum","Cars","United States",2031,7955745
"Momentum","Cars","United States",2032,8928137
"Momentum","Cars","United States",2033,9855807
"Momentum","Cars","United States",2034,10236033
"Momentum","Cars","United States",2035,10688318
"Momentum","Cars","United States",2036,10885202
"Momentum","Cars","United States",2037,11071192
"Momentum","Cars","United States",2038,11273753
"Momentum","Cars","United States",2039,11464602
"Momentum","Cars","United States",2040,11675635
"Momentum","Cars","United States",2041,11825496
"Momentum","Cars","United States",2042,11980787
"Momentum","Cars","United States",2043,12124528
"Momentum","Cars","United States",2044,12274554
"Momentum","Cars","United States",2045,12488326
"Momentum","Cars","United States",2046,12694603
"Momentum","Cars","United States",2047,12861326
"Momentum","Cars","United States",2048,13007483
"Momentum","Cars","United States",2049,13197339
"Momentum","Cars","United States",2050,13429523
"Momentum","Heavy trucks","Canada",2015,0
"Momentum","Heavy trucks","Canada",2016,0
"Momentum","Heavy trucks","Canada",2017,1
"Momentum","Heavy trucks","Canada",2018,7
"Momentum","Heavy trucks","Canada",2019,0
"Momentum","Heavy trucks","Canada",2020,0
"Momentum","Heavy trucks","Canada",2021,14
"Momentum","Heavy trucks","Canada",2022,129
"Momentum","Heavy trucks","Canada",2023,80
"Momentum","Heavy trucks","Canada",2024,107
"Momentum","Heavy trucks","Canada",2025,332
"Momentum","Heavy trucks","Canada",2026,697
"Momentum","Heavy trucks","Canada",2027,1459
"Momentum","Heavy trucks","Canada",2028,3067
"Momentum","Heavy trucks","Canada",2029,6440
"Momentum","Heavy trucks","Canada",2030,13519
"Momentum","Heavy trucks","Canada",2031,14849
"Momentum","Heavy trucks","Canada",2032,16205
"Momentum","Heavy trucks","Canada",2033,17588
"Momentum","Heavy trucks","Canada",2034,18998
"Momentum","Heavy trucks","Canada",2035,20435
"Momentum","Heavy trucks","Canada",2036,24792
"Momentum","Heavy trucks","Canada",2037,29238
"Momentum","Heavy trucks","Canada",2038,33774
"Momentum","Heavy trucks","Canada",2039,38400
"Momentum","Heavy trucks","Canada",2040,43115
"Momentum","Heavy trucks","Canada",2041,43564
"Momentum","Heavy trucks","Canada",2042,44013
"Momentum","Heavy trucks","Canada",2043,44462
"Momentum","Heavy trucks","Canada",2044,44911
"Momentum","Heavy trucks","Canada",2045,45360
"Momentum","Heavy trucks","Canada",2046,45808
"Momentum","Heavy trucks","Canada",2047,46257
"Momentum","Heavy trucks","Canada",2048,46706
"Momentum","Heavy trucks","Canada",2049,47155
"Momentum","Heavy trucks","Canada",2050,47604
"Momentum","Heavy trucks","Mexico",2015,0
"Momentum","Heavy trucks","Mexico",2016,0
"Momentum","Heavy trucks","Mexico",2017,0
"Momentum","Heavy trucks","Mexico",2018,0
"Momentum","Heavy trucks","Mexico",2019,0
"Momentum","Heavy trucks","Mexico",2020,0
"Momentum","Heavy trucks","Mexico",2021,20
"Momentum","Heavy trucks","Mexico",2022,88
"Momentum","Heavy trucks","Mexico",2023,47
"Momentum","Heavy trucks","Mexico",2024,22
"Momentum","Heavy trucks","Mexico",2025,371
"Momentum","Heavy trucks","Mexico",2026,430
"Momentum","Heavy trucks","Mexico",2027,486
"Momentum","Heavy trucks","Mexico",2028,537
"Momentum","Heavy trucks","Mexico",2029,588
"Momentum","Heavy trucks","Mexico",2030,634
"Momentum","Heavy trucks","Mexico",2031,1093
"Momentum","Heavy trucks","Mexico",2032,1530
"Momentum","Heavy trucks","Mexico",2033,1940
"Momentum","Heavy trucks","Mexico",2034,2327
"Momentum","Heavy trucks","Mexico",2035,2686
"Momentum","Heavy trucks","Mexico",2036,3124
"Momentum","Heavy trucks","Mexico",2037,3533
"Momentum","Heavy trucks","Mexico",2038,3909
"Momentum","Heavy trucks","Mexico",2039,4255
"Momentum","Heavy trucks","Mexico",2040,4568
"Momentum","Heavy trucks","Mexico",2041,4852
"Momentum","Heavy trucks","Mexico",2042,5103
"Momentum","Heavy trucks","Mexico",2043,5323
"Momentum","Heavy trucks","Mexico",2044,5513
"Momentum","Heavy trucks","Mexico",2045,5670
"Momentum","Heavy trucks","Mexico",2046,5797
"Momentum","Heavy trucks","Mexico",2047,5892
"Momentum","Heavy trucks","Mexico",2048,5956
"Momentum","Heavy trucks","Mexico",2049,5990
"Momentum","Heavy trucks","Mexico",2050,7486
"Momentum","Heavy trucks","United States",2015,25
"Momentum","Heavy trucks","United States",2016,125
"Momentum","Heavy trucks","United States",2017,11
"Momentum","Heavy trucks","United States",2018,12
"Momentum","Heavy trucks","United States",2019,95
"Momentum","Heavy trucks","United States",2020,142
"Momentum","Heavy trucks","United States",2021,75
"Momentum","Heavy trucks","United States",2022,599
"Momentum","Heavy trucks","United States",2023,1151
"Momentum","Heavy trucks","United States",2024,1044
"Momentum","Heavy trucks","United States",2025,20351
"Momentum","Heavy trucks","United States",2026,30592
"Momentum","Heavy trucks","United States",2027,37293
"Momentum","Heavy trucks","United States",2028,45647
"Momentum","Heavy trucks","United States",2029,53219
"Momentum","Heavy trucks","United States",2030,55993
"Momentum","Heavy trucks","United States",2031,72505
"Momentum","Heavy trucks","United States",2032,83570
"Momentum","Heavy trucks","United States",2033,95102
"Momentum","Heavy trucks","United States",2034,106710
"Momentum","Heavy trucks","United States",2035,118292
"Momentum","Heavy trucks","United States",2036,128780
"Momentum","Heavy trucks","United States",2037,138004
"Momentum","Heavy trucks","United States",2038,147793
"Momentum","Heavy trucks","United States",2039,157352
"Momentum","Heavy trucks","United States",2040,178943
"Momentum","Heavy trucks","United States",2041,179227
"Momentum","Heavy trucks","United States",2042,178502
"Momentum","Heavy trucks","United States",2043,178246
"Momentum","Heavy trucks","United States",2044,177141
"Momentum","Heavy trucks","United States",2045,174637
"Momentum","Heavy trucks","United States",2046,171832
"Momentum","Heavy trucks","United States",2047,170749
"Momentum","Heavy trucks","United States",2048,170767
"Momentum","Heavy trucks","United States",2049,169940
"Momentum","Heavy trucks","United States",2050,169926
"Momentum","Medium trucks","Canada",2015,0
"Momentum","Medium trucks","Canada",2016,0
"Momentum","Medium trucks","Canada",2017,0
"Momentum","Medium trucks","Canada",2018,0
"Momentum","Medium trucks","Canada",2019,0
"Momentum","Medium trucks","Canada",2020,0
"Momentum","Medium trucks","Canada",2021,16
"Momentum","Medium trucks","Canada",2022,256
"Momentum","Medium trucks","Canada",2023,106
"Momentum","Medium trucks","Canada",2024,185
"Momentum","Medium trucks","Canada",2025,4447
"Momentum","Medium trucks","Canada",2026,6841
"Momentum","Medium trucks","Canada",2027,10521
"Momentum","Medium trucks","Canada",2028,16178
"Momentum","Medium trucks","Canada",2029,24871
"Momentum","Medium trucks","Canada",2030,38227
"Momentum","Medium trucks","Canada",2031,45539
"Momentum","Medium trucks","Canada",2032,52931
"Momentum","Medium trucks","Canada",2033,60380
"Momentum","Medium trucks","Canada",2034,67909
"Momentum","Medium trucks","Canada",2035,75494
"Momentum","Medium trucks","Canada",2036,83160
"Momentum","Medium trucks","Canada",2037,90883
"Momentum","Medium trucks","Canada",2038,98686
"Momentum","Medium trucks","Canada",2039,106545
"Momentum","Medium trucks","Canada",2040,114485
"Momentum","Medium trucks","Canada",2041,115012
"Momentum","Medium trucks","Canada",2042,115538
"Momentum","Medium trucks","Canada",2043,116065
"Momentum","Medium trucks","Canada",2044,116591
"Momentum","Medium trucks","Canada",2045,117118
"Momentum","Medium trucks","Canada",2046,117645
"Momentum","Medium trucks","Canada",2047,118171
"Momentum","Medium trucks","Canada",2048,118698
"Momentum","Medium trucks","Canada",2049,119224
"Momentum","Medium trucks","Canada",2050,119751
"Momentum","Medium trucks","Mexico",2015,0
"Momentum","Medium trucks","Mexico",2016,0
"Momentum","Medium trucks","Mexico",2017,0
"Momentum","Medium trucks","Mexico",2018,0
"Momentum","Medium trucks","Mexico",2019,0
"Momentum","Medium trucks","Mexico",2020,0
"Momentum","Medium trucks","Mexico",2021,0
"Momentum","Medium trucks","Mexico",2022,0
"Momentum","Medium trucks","Mexico",2023,0
"Momentum","Medium trucks","Mexico",2024,30
"Momentum","Medium trucks","Mexico",2025,516
"Momentum","Medium trucks","Mexico",2026,618
"Momentum","Medium trucks","Mexico",2027,727
"Momentum","Medium trucks","Mexico",2028,847
"Momentum","Medium trucks","Mexico",2029,972
"Momentum","Medium trucks","Mexico",2030,1105
"Momentum","Medium trucks","Mexico",2031,1754
"Momentum","Medium trucks","Mexico",2032,2454
"Momentum","Medium trucks","Mexico",2033,3202
"Momentum","Medium trucks","Mexico",2034,4004
"Momentum","Medium trucks","Mexico",2035,4856
"Momentum","Medium trucks","Mexico",2036,6093
"Momentum","Medium trucks","Mexico",2037,7407
"Momentum","Medium trucks","Mexico",2038,8793
"Momentum","Medium trucks","Mexico",2039,10257
"Momentum","Medium trucks","Mexico",2040,12747
"Momentum","Medium trucks","Mexico",2041,14452
"Momentum","Medium trucks","Mexico",2042,16236
"Momentum","Medium trucks","Mexico",2043,18098
"Momentum","Medium trucks","Mexico",2044,20038
"Momentum","Medium trucks","Mexico",2045,22056
"Momentum","Medium trucks","Mexico",2046,24153
"Momentum","Medium trucks","Mexico",2047,26400
"Momentum","Medium trucks","Mexico",2048,31109
"Momentum","Medium trucks","Mexico",2049,36023
"Momentum","Medium trucks","Mexico",2050,41655
"Momentum","Medium trucks","United States",2015,5
"Momentum","Medium trucks","United States",2016,5
"Momentum","Medium trucks","United States",2017,12
"Momentum","Medium trucks","United States",2018,78
"Momentum","Medium trucks","United States",2019,85
"Momentum","Medium trucks","United States",2020,98
"Momentum","Medium trucks","United States",2021,140
"Momentum","Medium trucks","United States",2022,365
"Momentum","Medium trucks","United States",2023,703
"Momentum","Medium trucks","United States",2024,763
"Momentum","Medium trucks","United States",2025,139417
"Momentum","Medium trucks","United States",2026,151298
"Momentum","Medium trucks","United States",2027,182535
"Momentum","Medium trucks","United States",2028,226022
"Momentum","Medium trucks","United States",2029,259666
"Momentum","Medium trucks","United States",2030,306909
"Momentum","Medium trucks","United States",2031,369950
"Momentum","Medium trucks","United States",2032,416812
"Momentum","Medium trucks","United States",2033,481549
"Momentum","Medium trucks","United States",2034,542203
"Momentum","Medium trucks","United States",2035,605574
"Momentum","Medium trucks","United States",2036,643830
"Momentum","Medium trucks","United States",2037,683110
"Momentum","Medium trucks","United States",2038,722666
"Momentum","Medium trucks","United States",2039,764000
"Momentum","Medium trucks","United States",2040,807250
"Momentum","Medium trucks","United States",2041,816937
"Momentum","Medium trucks","United States",2042,824816
"Momentum","Medium trucks","United States",2043,833181
"Momentum","Medium trucks","United States",2044,841572
"Momentum","Medium trucks","United States",2045,849258
"Momentum","Medium trucks","United States",2046,856721
"Momentum","Medium trucks","United States",2047,863719
"Momentum","Medium trucks","United States",2048,874093
"Momentum","Medium trucks","United States",2049,883169
"Momentum","Medium trucks","United States",2050,896089
"Momentum","Vans","Canada",2015,0
"Momentum","Vans","Canada",2016,0
"Momentum","Vans","Canada",2017,0
"Momentum","Vans","Canada",2018,0
"Momentum","Vans","Canada",2019,0
"Momentum","Vans","Canada",2020,0
"Momentum","Vans","Canada",2021,0
"Momentum","Vans","Canada",2022,83
"Momentum","Vans","Canada",2023,2280
"Momentum","Vans","Canada",2024,2900
"Momentum","Vans","Canada",2025,10709
"Momentum","Vans","Canada",2026,12835
"Momentum","Vans","Canada",2027,14827
"Momentum","Vans","Canada",2028,22007
"Momentum","Vans","Canada",2029,27915
"Momentum","Vans","Canada",2030,38987
"Momentum","Vans","Canada",2031,48126
"Momentum","Vans","Canada",2032,53946
"Momentum","Vans","Canada",2033,60922
"Momentum","Vans","Canada",2034,63088
"Momentum","Vans","Canada",2035,65053
"Momentum","Vans","Canada",2036,64969
"Momentum","Vans","Canada",2037,64983
"Momentum","Vans","Canada",2038,65053
"Momentum","Vans","Canada",2039,65069
"Momentum","Vans","Canada",2040,65042
"Momentum","Vans","Canada",2041,65165
"Momentum","Vans","Canada",2042,65372
"Momentum","Vans","Canada",2043,65348
"Momentum","Vans","Canada",2044,65461
"Momentum","Vans","Canada",2045,65807
"Momentum","Vans","Canada",2046,65943
"Momentum","Vans","Canada",2047,66051
"Momentum","Vans","Canada",2048,66141
"Momentum","Vans","Canada",2049,66088
"Momentum","Vans","Canada",2050,66002
"Momentum","Vans","Mexico",2015,0
"Momentum","Vans","Mexico",2016,0
"Momentum","Vans","Mexico",2017,0
"Momentum","Vans","Mexico",2018,0
"Momentum","Vans","Mexico",2019,0
"Momentum","Vans","Mexico",2020,57
"Momentum","Vans","Mexico",2021,494
"Momentum","Vans","Mexico",2022,684
"Momentum","Vans","Mexico",2023,1578
"Momentum","Vans","Mexico",2024,2748
"Momentum","Vans","Mexico",2025,47823
"Momentum","Vans","Mexico",2026,71181
"Momentum","Vans","Mexico",2027,94482
"Momentum","Vans","Mexico",2028,189354
"Momentum","Vans","Mexico",2029,269111
"Momentum","Vans","Mexico",2030,351752
"Momentum","Vans","Mexico",2031,382940
"Momentum","Vans","Mexico",2032,415817
"Momentum","Vans","Mexico",2033,445781
"Momentum","Vans","Mexico",2034,474289
"Momentum","Vans","Mexico",2035,503011
"Momentum","Vans","Mexico",2036,531355
"Momentum","Vans","Mexico",2037,558659
"Momentum","Vans","Mexico",2038,583894
"Momentum","Vans","Mexico",2039,609724
"Momentum","Vans","Mexico",2040,633745
"Momentum","Vans","Mexico",2041,629332
"Momentum","Vans","Mexico",2042,624433
"Momentum","Vans","Mexico",2043,619790
"Momentum","Vans","Mexico",2044,612857
"Momentum","Vans","Mexico",2045,605941
"Momentum","Vans","Mexico",2046,598243
"Momentum","Vans","Mexico",2047,590533
"Momentum","Vans","Mexico",2048,582811
"Momentum","Vans","Mexico",2049,575078
"Momentum","Vans","Mexico",2050,567333
"Momentum","Vans","United States",2015,0
"Momentum","Vans","United States",2016,0
"Momentum","Vans","United States",2017,0
"Momentum","Vans","United States",2018,0
"Momentum","Vans","United States",2019,0
"Momentum","Vans","United States",2020,0
"Momentum","Vans","United States",2021,15
"Momentum","Vans","United States",2022,8959
"Momentum","Vans","United States",2023,16669
"Momentum","Vans","United States",2024,25336
"Momentum","Vans","United States",2025,119140
"Momentum","Vans","United States",2026,181265
"Momentum","Vans","United States",2027,267977
"Momentum","Vans","United States",2028,312281
"Momentum","Vans","United States",2029,404184
"Momentum","Vans","United States",2030,456465
"Momentum","Vans","United States",2031,506244
"Momentum","Vans","United States",2032,561252
"Momentum","Vans","United States",2033,606135
"Momentum","Vans","United States",2034,624369
"Momentum","Vans","United States",2035,647238
"Momentum","Vans","United States",2036,658394
"Momentum","Vans","United States",2037,670279
"Momentum","Vans","United States",2038,683312
"Momentum","Vans","United States",2039,695407
"Momentum","Vans","United States",2040,709381
"Momentum","Vans","United States",2041,719814
"Momentum","Vans","United States",2042,730524
"Momentum","Vans","United States",2043,741740
"Momentum","Vans","United States",2044,751594
"Momentum","Vans","United States",2045,766280
"Momentum","Vans","United States",2046,776129
"Momentum","Vans","United States",2047,788218
"Momentum","Vans","United States",2048,800668
"Momentum","Vans","United States",2049,810034
"Momentum","Vans","United States",2050,824449
